<?xml version="1.0" encoding="UTF-8"?>
<metadata xml:lang="en"><Esri><CreaDate>20120506</CreaDate><CreaTime>23000500</CreaTime><ArcGISFormat>1.0</ArcGISFormat><SyncOnce>TRUE</SyncOnce><DataProperties><itemProps><itemLocation><linkage Sync="TRUE">file://\\ADMINISTRATOR\D$\KSN BOROBUDUR\1. Peta Dasar\Jalan\jalan kolektro</linkage><protocol Sync="TRUE">Local Area Network</protocol></itemLocation></itemProps><copyHistory><copy source="E:\data rtrw daerah budur\RTRW KABUPATEN MAGELANG\PETA DASAR\jalan kolektro" dest="\\ADMINISTRATOR\D$\KSN BOROBUDUR\1. Peta Dasar\Jalan\jalan kolektro" date="20120506" time="23000500"></copy></copyHistory></DataProperties></Esri></metadata>
